dataset_id,dataset_label,algorithm,original_size_bytes,compressed_size_bytes,compression_ratio,compression_percent,bits_per_base_seq,size_header,entropy_acgtn_bpb,entropy_acgt_bpb,entropy_seq_bpb,entropy_all_bpb,compress_seconds,decompress_seconds,compress_MBps,decompress_MBps,bitwise_ok,sequence_ok_all,sequence_ok_std,contains_other,compress_exit_code,decompress_exit_code,stderr_log,status,num_bases_seq,num_A,num_C,num_G,num_T,num_N,num_unknown
bacillus_subtilis,bacteria,gzip,4275901,1300457,3.2879987573599125,69.5863632015802,2.4678909746309308,72,1.9878254805762292,1.9878254805762292,1.9881535604366964,1.9881535604366964,6.242150063999361,0.0531302220006182,0.6532712160692806,76.75136315350518,True,True,True,False,0,0,/home/helen/genomic_benchmark/results/2026_05_17_13_57_38/logs/bacillus_subtilis.gzip.stderr.txt,ok,4215606,1188073,919284,915112,1193137,0,0
bacillus_subtilis,bacteria,bzip2,4275901,1213681,3.5230847314904,71.61578343371373,2.303215243549801,72,1.9878254805762292,1.9878254805762292,1.9881535604366964,1.9881535604366964,0.5277178099986486,0.7113622019987815,7.727268032144383,5.732406011646351,True,True,True,False,0,0,/home/helen/genomic_benchmark/results/2026_05_17_13_57_38/logs/bacillus_subtilis.bzip2.stderr.txt,ok,4215606,1188073,919284,915112,1193137,0,0
bacillus_subtilis,bacteria,genozip,4275901,1032858,4.1398730512810085,75.84466993038426,1.9600655279454484,72,1.9878254805762292,1.9878254805762292,1.9881535604366964,1.9881535604366964,1.153538941000079,0.3415283710000949,3.5350492456374925,11.93990692853645,True,True,True,False,0,0,/home/helen/genomic_benchmark/results/2026_05_17_13_57_38/logs/bacillus_subtilis.genozip.stderr.txt,ok,4215606,1188073,919284,915112,1193137,0,0
bacillus_subtilis,bacteria,mfcompress,4275901,1012990,4.2210693096674206,76.3093205385251,1.922361814647764,72,1.9878254805762292,1.9878254805762292,1.9881535604366964,1.9881535604366964,4.8947843559999455,3.352185718000328,0.8330943033674774,1.216465108510853,True,True,True,False,0,0,/home/helen/genomic_benchmark/results/2026_05_17_13_57_38/logs/bacillus_subtilis.mfcompress.stderr.txt,ok,4215606,1188073,919284,915112,1193137,0,0
bacillus_subtilis,bacteria,naf,4275901,1103012,3.8765679793148218,74.20398648144567,2.0931975141889447,72,1.9878254805762292,1.9878254805762292,1.9881535604366964,1.9881535604366964,0.2724524830009613,0.0742528749997291,14.967075793474828,54.91796732733484,True,True,True,False,0,0,/home/helen/genomic_benchmark/results/2026_05_17_13_57_38/logs/bacillus_subtilis.naf.stderr.txt,ok,4215606,1188073,919284,915112,1193137,0,0
bacillus_subtilis,bacteria,geco3,4275901,1002569,4.264944357944441,76.55303525502578,1.902585772958858,72,1.9878254805762292,1.9878254805762292,1.9881535604366964,1.9881535604366964,92.93574398700002,112.90944226300051,0.0438778104984688,0.0361158188497408,False,True,True,False,0,0,/home/helen/genomic_benchmark/results/2026_05_17_13_57_38/logs/bacillus_subtilis.geco3.stderr.txt,ok_seq,4215606,1188073,919284,915112,1193137,0,0
bacillus_subtilis,bacteria,paq8l,4275901,1060730,4.0310927380200425,75.19283070398495,2.012958516521705,72,1.9878254805762292,1.9878254805762292,1.9881535604366964,1.9881535604366964,123.47544338300033,99.04484871399836,0.0330253275588336,0.0411714189697123,True,True,True,False,0,0,/home/helen/genomic_benchmark/results/2026_05_17_13_57_38/logs/bacillus_subtilis.paq8l.stderr.txt,ok,4215606,1188073,919284,915112,1193137,0,0
escherichia_coli,bacteria,gzip,4708034,1432434,3.286737120174472,69.57468871295322,2.468834802781424,72,1.9998190013576105,1.9998190013576105,2.0001194735626497,2.0001194735626497,1.4533363439986715,0.0981528499996784,3.089395737681688,45.74427646861087,True,True,True,False,0,0,/home/helen/genomic_benchmark/results/2026_05_17_13_57_38/logs/escherichia_coli.gzip.stderr.txt,ok,4641652,1142742,1180091,1177437,1141382,0,0
escherichia_coli,bacteria,bzip2,4708034,1335524,3.525233541291658,71.63308506268223,2.3018080631637186,72,1.9998190013576105,1.9998190013576105,2.0001194735626497,2.0001194735626497,0.6126517779994174,0.6675730249990011,7.328683712024831,6.725752746786168,True,True,True,False,0,0,/home/helen/genomic_benchmark/results/2026_05_17_13_57_38/logs/escherichia_coli.bzip2.stderr.txt,ok,4641652,1142742,1180091,1177437,1141382,0,0
escherichia_coli,bacteria,genozip,4708034,1143952,4.115587017637104,75.70212959379647,1.9716290665478584,72,1.9998190013576105,1.9998190013576105,2.0001194735626497,2.0001194735626497,1.3711158869991775,0.3814225249989249,3.274654716746109,11.771541564253548,True,True,True,False,0,0,/home/helen/genomic_benchmark/results/2026_05_17_13_57_38/logs/escherichia_coli.genozip.stderr.txt,ok,4641652,1142742,1180091,1177437,1141382,0,0
escherichia_coli,bacteria,mfcompress,4708034,1112124,4.23337145857836,76.37816549328234,1.9167727352244417,72,1.9998190013576105,1.9998190013576105,2.0001194735626497,2.0001194735626497,8.210834773999522,4.150329091000458,0.546830039837755,1.0818253223107814,True,True,True,False,0,0,/home/helen/genomic_benchmark/results/2026_05_17_13_57_38/logs/escherichia_coli.mfcompress.stderr.txt,ok,4641652,1142742,1180091,1177437,1141382,0,0
escherichia_coli,bacteria,naf,4708034,1214286,3.877203558305045,74.20821514882859,2.092851424449744,72,1.9998190013576105,1.9998190013576105,2.0001194735626497,2.0001194735626497,0.2667184309993899,0.0603118220005853,16.833973901779785,74.44529045273751,True,True,True,False,0,0,/home/helen/genomic_benchmark/results/2026_05_17_13_57_38/logs/escherichia_coli.naf.stderr.txt,ok,4641652,1142742,1180091,1177437,1141382,0,0
escherichia_coli,bacteria,geco3,4708034,1095025,4.2994762676651215,76.74135318479009,1.887302193270844,72,1.9998190013576105,1.9998190013576105,2.0001194735626497,2.0001194735626497,99.95339063599933,96.96334081500028,0.0449202481076243,0.0463054497589339,False,True,True,False,0,0,/home/helen/genomic_benchmark/results/2026_05_17_13_57_38/logs/escherichia_coli.geco3.stderr.txt,ok_seq,4641652,1142742,1180091,1177437,1141382,0,0
escherichia_coli,bacteria,paq8l,4708034,1176762,4.000837892454039,75.00523573109285,2.028177898730883,72,1.9998190013576105,1.9998190013576105,2.0001194735626497,2.0001194735626497,90.47112650599956,95.11503325800004,0.0496283320432584,0.0472052729497388,True,True,True,False,0,0,/home/helen/genomic_benchmark/results/2026_05_17_13_57_38/logs/escherichia_coli.paq8l.stderr.txt,ok,4641652,1142742,1180091,1177437,1141382,0,0
mycobacterium_tuberculosis,bacteria,gzip,4474617,1340847,3.337157035813929,70.03437389166491,2.431530815145396,63,1.928456798853834,1.928456798853834,1.9287384092456417,1.9287384092456417,1.228707389000192,0.0699012870009028,3.4730216053532,61.04790758143938,True,True,True,False,0,0,/home/helen/genomic_benchmark/results/2026_05_17_13_57_38/logs/mycobacterium_tuberculosis.gzip.stderr.txt,ok,4411532,758552,1449998,1444614,758368,0,0
mycobacterium_tuberculosis,bacteria,bzip2,4474617,1244044,3.596831784084807,72.19775457877178,2.255985449045819,63,1.928456798853834,1.928456798853834,1.9287384092456417,1.9287384092456417,0.5361650180002471,0.6427698550014611,7.9589812191977405,6.638966148537076,True,True,True,False,0,0,/home/helen/genomic_benchmark/results/2026_05_17_13_57_38/logs/mycobacterium_tuberculosis.bzip2.stderr.txt,ok,4411532,758552,1449998,1444614,758368,0,0
mycobacterium_tuberculosis,bacteria,genozip,4474617,1050217,4.260659463710833,76.52945492318113,1.904493949040832,63,1.928456798853834,1.928456798853834,1.9287384092456417,1.9287384092456417,1.0767443149998144,0.3308991480007535,3.9631760755156815,12.89615683339586,True,True,True,False,0,0,/home/helen/genomic_benchmark/results/2026_05_17_13_57_38/logs/mycobacterium_tuberculosis.genozip.stderr.txt,ok,4411532,758552,1449998,1444614,758368,0,0
mycobacterium_tuberculosis,bacteria,mfcompress,4474617,1025027,4.3653650098973005,77.09240813236082,1.858813672891866,63,1.928456798853834,1.928456798853834,1.9287384092456417,1.9287384092456417,4.699515252999845,3.629638038999474,0.9080356332349,1.1756894937741762,True,True,True,False,0,0,/home/helen/genomic_benchmark/results/2026_05_17_13_57_38/logs/mycobacterium_tuberculosis.mfcompress.stderr.txt,ok,4411532,758552,1449998,1444614,758368,0,0
mycobacterium_tuberculosis,bacteria,naf,4474617,1128131,3.966398405858894,74.78821092397405,2.045785455030135,63,1.928456798853834,1.928456798853834,1.9287384092456417,1.9287384092456417,0.2732707479990495,0.0336856999983865,15.615748629888582,126.68067782053446,True,True,True,False,0,0,/home/helen/genomic_benchmark/results/2026_05_17_13_57_38/logs/mycobacterium_tuberculosis.naf.stderr.txt,ok,4411532,758552,1449998,1444614,758368,0,0
mycobacterium_tuberculosis,bacteria,geco3,4474617,1009621,4.431976949766298,77.43670575604571,1.830875985938672,63,1.928456798853834,1.928456798853834,1.9287384092456417,1.9287384092456417,104.59391859599964,89.94015033300093,0.0407990002280877,0.0474462994875494,False,True,True,False,0,0,/home/helen/genomic_benchmark/results/2026_05_17_13_57_38/logs/mycobacterium_tuberculosis.geco3.stderr.txt,ok_seq,4411532,758552,1449998,1444614,758368,0,0
mycobacterium_tuberculosis,bacteria,paq8l,4474617,1080476,4.14133863223246,75.85321827544122,1.959366496718147,63,1.928456798853834,1.928456798853834,1.9287384092456417,1.9287384092456417,88.60322901400104,99.8534370919988,0.0481622098442988,0.042735908076185,True,True,True,False,0,0,/home/helen/genomic_benchmark/results/2026_05_17_13_57_38/logs/mycobacterium_tuberculosis.paq8l.stderr.txt,ok,4411532,758552,1449998,1444614,758368,0,0
pseudomonas_aeruginosa,bacteria,gzip,6353954,1878032,3.383304437837055,70.44309732176217,2.3983536183170817,58,1.919349046905072,1.919349046905072,1.9195320110015324,1.9195320110015324,1.5787189529983152,0.061922863998916,3.838303661280758,97.85727510169482,True,True,True,False,0,0,/home/helen/genomic_benchmark/results/2026_05_17_13_57_38/logs/pseudomonas_aeruginosa.gzip.stderr.txt,ok,6264404,1056134,2102687,2066633,1038950,0,0
pseudomonas_aeruginosa,bacteria,bzip2,6353954,1733641,3.665092138453117,72.71555632917708,2.2139581035961284,58,1.919349046905072,1.919349046905072,1.9195320110015324,1.9195320110015324,0.8061059939991537,0.847351078000429,7.517128991144952,7.151230339762063,True,True,True,False,0,0,/home/helen/genomic_benchmark/results/2026_05_17_13_57_38/logs/pseudomonas_aeruginosa.bzip2.stderr.txt,ok,6264404,1056134,2102687,2066633,1038950,0,0
pseudomonas_aeruginosa,bacteria,genozip,6353954,1470973,4.319558550700795,76.84948616247458,1.878516136571013,58,1.919349046905072,1.919349046905072,1.9195320110015324,1.9195320110015324,1.4548142310013643,0.3097549409994826,4.16520721910719,19.56257006869465,True,True,True,False,0,0,/home/helen/genomic_benchmark/results/2026_05_17_13_57_38/logs/pseudomonas_aeruginosa.genozip.stderr.txt,ok,6264404,1056134,2102687,2066633,1038950,0,0
pseudomonas_aeruginosa,bacteria,mfcompress,6353954,1435061,4.427654294834854,77.41467753779773,1.8326544711994948,58,1.919349046905072,1.919349046905072,1.9195320110015324,1.9195320110015324,6.485238384000695,4.177735195999048,0.9343685426238156,1.4504516090990986,True,True,True,False,0,0,/home/helen/genomic_benchmark/results/2026_05_17_13_57_38/logs/pseudomonas_aeruginosa.mfcompress.stderr.txt,ok,6264404,1056134,2102687,2066633,1038950,0,0
pseudomonas_aeruginosa,bacteria,naf,6353954,1580854,4.019317406920563,75.12015352959747,2.0188404196153376,58,1.919349046905072,1.919349046905072,1.9195320110015324,1.9195320110015324,0.386383641998691,0.058829384001001,15.682865625681137,103.00299485243038,True,True,True,False,0,0,/home/helen/genomic_benchmark/results/2026_05_17_13_57_38/logs/pseudomonas_aeruginosa.naf.stderr.txt,ok,6264404,1056134,2102687,2066633,1038950,0,0
pseudomonas_aeruginosa,bacteria,geco3,6353954,1391181,4.567309358020272,78.10527114297649,1.7766172168972498,58,1.919349046905072,1.919349046905072,1.9195320110015324,1.9195320110015324,143.74451950299954,143.04214666199914,0.0421553653549922,0.0423623587790895,False,True,True,False,0,0,/home/helen/genomic_benchmark/results/2026_05_17_13_57_38/logs/pseudomonas_aeruginosa.geco3.stderr.txt,ok_seq,6264404,1056134,2102687,2066633,1038950,0,0
pseudomonas_aeruginosa,bacteria,paq8l,6353954,1496464,4.24597852003122,76.44830289926557,1.9110695925741696,58,1.919349046905072,1.919349046905072,1.9195320110015324,1.9195320110015324,133.9820707029994,139.90697313799865,0.0452269673519167,0.0433116563207311,True,True,True,False,0,0,/home/helen/genomic_benchmark/results/2026_05_17_13_57_38/logs/pseudomonas_aeruginosa.paq8l.stderr.txt,ok,6264404,1056134,2102687,2066633,1038950,0,0
salmonella_typhimurium,bacteria,gzip,4926938,1497802,3.289445467424933,69.5997392295174,2.466812010416988,95,1.998575249236576,1.998575249236576,1.9989446897877896,1.9989446897877896,1.217641775001539,0.1066708199996355,3.858847754398077,44.04854325805341,True,True,True,False,0,0,/home/helen/genomic_benchmark/results/2026_05_17_13_57_38/logs/salmonella_typhimurium.gzip.stderr.txt,ok,4857450,1160904,1268422,1268221,1159903,0,0
salmonella_typhimurium,bacteria,bzip2,4926938,1398465,3.523104260743029,71.61594077295067,2.303208473581817,95,1.998575249236576,1.998575249236576,1.9989446897877896,1.9989446897877896,0.6082029560002411,0.6512706049998087,7.725536653136743,7.214657306892205,True,True,True,False,0,0,/home/helen/genomic_benchmark/results/2026_05_17_13_57_38/logs/salmonella_typhimurium.bzip2.stderr.txt,ok,4857450,1160904,1268422,1268221,1159903,0,0
salmonella_typhimurium,bacteria,genozip,4926938,1198487,4.110964908255158,75.6748106024472,1.973853771011539,95,1.998575249236576,1.998575249236576,1.9989446897877896,1.9989446897877896,1.2123264849997213,0.3494173049984965,3.87576637750932,13.447228176481396,True,True,True,False,0,0,/home/helen/genomic_benchmark/results/2026_05_17_13_57_38/logs/salmonella_typhimurium.genozip.stderr.txt,ok,4857450,1160904,1268422,1268221,1159903,0,0
salmonella_typhimurium,bacteria,mfcompress,4926938,1166441,4.223906738531996,76.32523486189598,1.9210754614046464,95,1.998575249236576,1.998575249236576,1.9989446897877896,1.9989446897877896,5.19515974100068,4.163856418999785,0.9044369111585632,1.1284477071989594,True,True,True,False,0,0,/home/helen/genomic_benchmark/results/2026_05_17_13_57_38/logs/salmonella_typhimurium.mfcompress.stderr.txt,ok,4857450,1160904,1268422,1268221,1159903,0,0
salmonella_typhimurium,bacteria,naf,4926938,1276621,3.859358415692676,74.08895748231457,2.1025369278119177,95,1.998575249236576,1.998575249236576,1.9989446897877896,1.9989446897877896,0.2760159640001802,0.0613029520009149,17.02326981754906,76.64711201926863,True,True,True,False,0,0,/home/helen/genomic_benchmark/results/2026_05_17_13_57_38/logs/salmonella_typhimurium.naf.stderr.txt,ok,4857450,1160904,1268422,1268221,1159903,0,0
salmonella_typhimurium,bacteria,geco3,4926938,1149000,4.288022628372498,76.6792275445723,1.8923509248679864,95,1.998575249236576,1.998575249236576,1.9989446897877896,1.9989446897877896,105.30405100000098,103.02700997000102,0.0446202608969519,0.0456064310756385,False,True,True,False,0,0,/home/helen/genomic_benchmark/results/2026_05_17_13_57_38/logs/salmonella_typhimurium.geco3.stderr.txt,ok_seq,4857450,1160904,1268422,1268221,1159903,0,0
salmonella_typhimurium,bacteria,paq8l,4926938,1230509,4.003983717307229,75.02487346096093,2.026592553706162,95,1.998575249236576,1.998575249236576,1.9989446897877896,1.9989446897877896,100.96969148099924,106.03045016400029,0.0465356896728776,0.0443145739913239,True,True,True,False,0,0,/home/helen/genomic_benchmark/results/2026_05_17_13_57_38/logs/salmonella_typhimurium.paq8l.stderr.txt,ok,4857450,1160904,1268422,1268221,1159903,0,0
staphylococcus_aureus,bacteria,gzip,2861754,860508,3.325656472688226,69.93074876456886,2.439979853694724,87,1.9135397942364996,1.9135323662178008,1.9140957883741745,1.9140957883741745,0.778441839000152,0.0597773669996968,3.505954013440841,45.655762818839,True,True,True,True,0,0,/home/helen/genomic_benchmark/results/2026_05_17_13_57_38/logs/staphylococcus_aureus.gzip.stderr.txt,ok,2821361,938713,465832,461500,955315,1,0
staphylococcus_aureus,bacteria,bzip2,2861754,802732,3.565017963654121,71.94965045912403,2.276155373240078,87,1.9135397942364996,1.9135323662178008,1.9140957883741745,1.9140957883741745,0.3722434400006023,0.4137485129995184,7.331710908507712,6.5962322616879785,True,True,True,True,0,0,/home/helen/genomic_benchmark/results/2026_05_17_13_57_38/logs/staphylococcus_aureus.bzip2.stderr.txt,ok,2821361,938713,465832,461500,955315,1,0
staphylococcus_aureus,bacteria,genozip,2861754,675375,4.237281510272071,76.39996309955363,1.91503320560538,87,1.9135397942364996,1.9135323662178008,1.9140957883741745,1.9140957883741745,0.9173857060013688,0.2416625340010796,2.9749551053815737,11.293357081411134,True,True,True,True,0,0,/home/helen/genomic_benchmark/results/2026_05_17_13_57_38/logs/staphylococcus_aureus.genozip.stderr.txt,ok,2821361,938713,465832,461500,955315,1,0
staphylococcus_aureus,bacteria,mfcompress,2861754,657481,4.352603345191724,77.02524395877494,1.8642945727257163,87,1.9135397942364996,1.9135323662178008,1.9140957883741745,1.9140957883741745,3.833107537000615,3.003214433998437,0.712002275784942,0.9087533872961772,True,True,True,True,0,0,/home/helen/genomic_benchmark/results/2026_05_17_13_57_38/logs/staphylococcus_aureus.mfcompress.stderr.txt,ok,2821361,938713,465832,461500,955315,1,0
staphylococcus_aureus,bacteria,naf,2861754,722614,3.960280315631859,74.74926216579063,2.048979907214993,87,1.9135397942364996,1.9135323662178008,1.9140957883741745,1.9140957883741745,0.3351334580002003,0.0491036779985734,8.143565569246208,55.57997691643672,True,True,True,True,0,0,/home/helen/genomic_benchmark/results/2026_05_17_13_57_38/logs/staphylococcus_aureus.naf.stderr.txt,ok,2821361,938713,465832,461500,955315,1,0
staphylococcus_aureus,bacteria,geco3,2861754,647148,4.422101281314321,77.38631622424569,1.834995238113804,87,1.9135397942364996,1.9135323662178008,1.9140957883741745,1.9140957883741745,64.4256507629998,62.06577495499914,0.0423617186221771,0.0439724033358424,False,False,True,True,0,0,/home/helen/genomic_benchmark/results/2026_05_17_13_57_38/logs/staphylococcus_aureus.geco3.stderr.txt,ok_std,2821361,938713,465832,461500,955315,1,0
staphylococcus_aureus,bacteria,paq8l,2861754,692745,4.1310352294134205,75.79299268909907,1.9642860307489896,87,1.9135397942364996,1.9135323662178008,1.9140957883741745,1.9140957883741745,55.10640981100005,58.79242001700004,0.0495256595200667,0.0464206319264234,True,True,True,True,0,0,/home/helen/genomic_benchmark/results/2026_05_17_13_57_38/logs/staphylococcus_aureus.paq8l.stderr.txt,ok,2821361,938713,465832,461500,955315,1,0
arabidopsis_thaliana,eucariota,gzip,30862409,9139065,3.376976638200954,70.38771341537208,2.4028616435191195,56,1.979525768425988,1.9416279304861543,1.979803865598496,1.979803865598496,6.736768740000116,0.3943264720001025,4.368962026403862,74.6404030559669,True,True,True,True,0,0,/home/helen/genomic_benchmark/results/2026_05_17_13_57_38/logs/arabidopsis_thaliana.gzip.stderr.txt,ok,30427671,9709674,5435374,5421151,9697113,163958,401
arabidopsis_thaliana,eucariota,bzip2,30862409,8563941,3.6037624500215495,72.25122316278032,2.251648866296582,56,1.979525768425988,1.9416279304861543,1.979803865598496,1.979803865598496,3.2434902290006,3.97577282400016,9.074387381396258,7.403010209248293,True,True,True,True,0,0,/home/helen/genomic_benchmark/results/2026_05_17_13_57_38/logs/arabidopsis_thaliana.bzip2.stderr.txt,ok,30427671,9709674,5435374,5421151,9697113,163958,401
arabidopsis_thaliana,eucariota,genozip,30862409,7107458,4.342256964444953,76.97050155741245,1.868707379925968,56,1.979525768425988,1.9416279304861543,1.979803865598496,1.979803865598496,6.990240367000297,1.3127815329989971,4.210540018719766,22.420095092659704,True,True,True,True,0,0,/home/helen/genomic_benchmark/results/2026_05_17_13_57_38/logs/arabidopsis_thaliana.genozip.stderr.txt,ok,30427671,9709674,5435374,5421151,9697113,163958,401
arabidopsis_thaliana,eucariota,mfcompress,30862409,6993171,4.4132209837282685,77.34081289636204,1.838658808364996,56,1.979525768425988,1.9416279304861543,1.979803865598496,1.979803865598496,19.710599403000742,16.13183240300168,1.4932415906765506,1.8245098306531191,True,True,True,True,0,0,/home/helen/genomic_benchmark/results/2026_05_17_13_57_38/logs/arabidopsis_thaliana.mfcompress.stderr.txt,ok,30427671,9709674,5435374,5421151,9697113,163958,401
arabidopsis_thaliana,eucariota,naf,30862409,7722544,3.996404423205617,74.97750742659136,2.030427047842281,56,1.979525768425988,1.9416279304861543,1.979803865598496,1.979803865598496,2.266864965999048,0.2539126979991124,12.983872990755575,115.91656123408204,True,True,True,True,0,0,/home/helen/genomic_benchmark/results/2026_05_17_13_57_38/logs/arabidopsis_thaliana.naf.stderr.txt,ok,30427671,9709674,5435374,5421151,9697113,163958,401
arabidopsis_thaliana,eucariota,geco3,30862409,6820686,4.524824775689718,77.89969668278324,1.7933086997288945,56,1.979525768425988,1.9416279304861543,1.979803865598496,1.979803865598496,675.9636055669998,657.2591100589998,0.0435418217243173,0.0447809491801232,False,False,False,True,0,0,/home/helen/genomic_benchmark/results/2026_05_17_13_57_38/logs/arabidopsis_thaliana.geco3.stderr.txt,ok_std,30427671,9709674,5435374,5421151,9697113,163958,401
arabidopsis_thaliana,eucariota,paq8l,30862409,7337108,4.206345197590113,76.22639243747953,1.929087427166486,56,1.979525768425988,1.9416279304861543,1.979803865598496,1.979803865598496,638.885421351999,683.0564000309987,0.0460688032972174,0.0430896874758649,True,True,True,True,0,0,/home/helen/genomic_benchmark/results/2026_05_17_13_57_38/logs/arabidopsis_thaliana.paq8l.stderr.txt,ok,30427671,9709674,5435374,5421151,9697113,163958,401
candidozma_auris,eucariota,gzip,3193172,979235,3.2608842616940774,69.33347154490895,2.4884193339866303,63,1.9926370705112415,1.9926370705112415,1.9930121549718152,1.9930121549718152,0.9177013440021256,0.0475849559989001,3.318341140252841,63.995984872571206,True,True,True,False,0,0,/home/helen/genomic_benchmark/results/2026_05_17_13_57_38/logs/candidozma_auris.gzip.stderr.txt,ok,3148135,865630,707970,707209,867326,0,0
candidozma_auris,eucariota,bzip2,3193172,912171,3.5006287198343293,71.43370291359187,2.3179971633999177,63,1.9926370705112415,1.9926370705112415,1.9930121549718152,1.9930121549718152,0.492080118998274,0.6198438760002318,6.1885168831180914,4.9129244349692325,True,True,True,False,0,0,/home/helen/genomic_benchmark/results/2026_05_17_13_57_38/logs/candidozma_auris.bzip2.stderr.txt,ok,3148135,865630,707970,707209,867326,0,0
candidozma_auris,eucariota,genozip,3193172,787727,4.053653105707942,75.33089354409972,2.001761677945832,63,1.9926370705112415,1.9926370705112415,1.9930121549718152,1.9930121549718152,0.9927457470002992,0.3312274739982968,3.067498534714609,9.193821054479429,True,True,True,False,0,0,/home/helen/genomic_benchmark/results/2026_05_17_13_57_38/logs/candidozma_auris.genozip.stderr.txt,ok,3148135,865630,707970,707209,867326,0,0
candidozma_auris,eucariota,mfcompress,3193172,776022,4.114795714554484,75.69745694876443,1.9720170831301709,63,1.9926370705112415,1.9926370705112415,1.9930121549718152,1.9930121549718152,6.060449350999988,2.8184849050012417,0.5024786031361034,1.080455005759996,True,True,True,False,0,0,/home/helen/genomic_benchmark/results/2026_05_17_13_57_38/logs/candidozma_auris.mfcompress.stderr.txt,ok,3148135,865630,707970,707209,867326,0,0
candidozma_auris,eucariota,naf,3193172,834156,3.828027371378975,73.8768848029483,2.119746453058716,63,1.9926370705112415,1.9926370705112415,1.9930121549718152,1.9930121549718152,0.3118943590015988,0.0424015159987902,9.76371016781348,71.81927467768982,True,True,True,False,0,0,/home/helen/genomic_benchmark/results/2026_05_17_13_57_38/logs/candidozma_auris.naf.stderr.txt,ok,3148135,865630,707970,707209,867326,0,0
candidozma_auris,eucariota,geco3,3193172,769174,4.151429975532194,75.91191454766609,1.954615033980436,63,1.9926370705112415,1.9926370705112415,1.9930121549718152,1.9930121549718152,72.25437281599807,82.52494320400001,0.0421461844533971,0.0369009175412552,False,True,True,False,0,0,/home/helen/genomic_benchmark/results/2026_05_17_13_57_38/logs/candidozma_auris.geco3.stderr.txt,ok_seq,3148135,865630,707970,707209,867326,0,0
candidozma_auris,eucariota,paq8l,3193172,808061,3.951647214752352,74.69409728007135,2.0534341761074413,63,1.9926370705112415,1.9926370705112415,1.9930121549718152,1.9930121549718152,60.462369417000446,65.08341408599881,0.0503659739707675,0.0467898951988551,True,True,True,False,0,0,/home/helen/genomic_benchmark/results/2026_05_17_13_57_38/logs/candidozma_auris.paq8l.stderr.txt,ok,3148135,865630,707970,707209,867326,0,0
saccharomyces_cerevisiae,eucariota,gzip,233583,71066,3.286846030450567,69.57569686150104,2.46952019390317,76,1.9664766384439507,1.9664766384439507,1.9714236529129576,1.9714236529129576,0.0683492269999987,0.0118844559983699,3.259175233234533,18.743988608285864,True,True,True,False,0,0,/home/helen/genomic_benchmark/results/2026_05_17_13_57_38/logs/saccharomyces_cerevisiae.gzip.stderr.txt,ok,230218,69836,44641,45766,69975,0,0
saccharomyces_cerevisiae,eucariota,bzip2,233583,66640,3.5051470588235296,71.47052653660583,2.315718145410002,76,1.9664766384439507,1.9664766384439507,1.9714236529129576,1.9714236529129576,0.0606423459976213,0.0191457319997425,3.673375496684428,11.635079183815815,True,True,True,False,0,0,/home/helen/genomic_benchmark/results/2026_05_17_13_57_38/logs/saccharomyces_cerevisiae.bzip2.stderr.txt,ok,230218,69836,44641,45766,69975,0,0
saccharomyces_cerevisiae,eucariota,genozip,233583,60693,3.8485986851861007,74.01651661293845,2.109061845728831,76,1.9664766384439507,1.9664766384439507,1.9714236529129576,1.9714236529129576,0.3842219370017119,0.1697170910010754,0.5797745688011785,1.3125496467984448,True,True,True,False,0,0,/home/helen/genomic_benchmark/results/2026_05_17_13_57_38/logs/saccharomyces_cerevisiae.genozip.stderr.txt,ok,230218,69836,44641,45766,69975,0,0
saccharomyces_cerevisiae,eucariota,mfcompress,233583,54316,4.300445540908756,76.74659542860567,1.887463187066172,76,1.9664766384439507,1.9664766384439507,1.9714236529129576,1.9714236529129576,1.3371834389981814,1.0927524690014252,0.1665905375077144,0.2038541336380458,True,True,True,False,0,0,/home/helen/genomic_benchmark/results/2026_05_17_13_57_38/logs/saccharomyces_cerevisiae.mfcompress.stderr.txt,ok,230218,69836,44641,45766,69975,0,0
saccharomyces_cerevisiae,eucariota,naf,233583,58181,4.014764270122549,75.09193734133049,2.0217706695393063,76,1.9664766384439507,1.9664766384439507,1.9714236529129576,1.9714236529129576,0.1304536530005862,0.0086936349980533,1.7075957838307534,25.62358643984964,True,True,True,False,0,0,/home/helen/genomic_benchmark/results/2026_05_17_13_57_38/logs/saccharomyces_cerevisiae.naf.stderr.txt,ok,230218,69836,44641,45766,69975,0,0
saccharomyces_cerevisiae,eucariota,geco3,233583,52288,4.467239137086903,77.61480929690944,1.816990852148833,76,1.9664766384439507,1.9664766384439507,1.9714236529129576,1.9714236529129576,5.73279371299941,5.579189517997293,0.0388575132825722,0.0399273240549612,False,True,True,False,0,0,/home/helen/genomic_benchmark/results/2026_05_17_13_57_38/logs/saccharomyces_cerevisiae.geco3.stderr.txt,ok_seq,230218,69836,44641,45766,69975,0,0
saccharomyces_cerevisiae,eucariota,paq8l,233583,57930,4.032159502848265,75.19939379150024,2.013048501854764,76,1.9664766384439507,1.9664766384439507,1.9714236529129576,1.9714236529129576,4.470732681002119,4.911367884000356,0.049826756315743,0.0453564288219597,True,True,True,False,0,0,/home/helen/genomic_benchmark/results/2026_05_17_13_57_38/logs/saccharomyces_cerevisiae.paq8l.stderr.txt,ok,230218,69836,44641,45766,69975,0,0
yarrowia_lipolytica,eucariota,gzip,4258580,1301713,3.2715199126074643,69.43316786346622,2.4803190828036645,66,1.999872821051662,1.999872821051662,2.000178196252389,2.000178196252389,0.9976161629965644,0.0952627020014915,4.071002977901145,42.63261785601818,True,True,True,False,0,0,/home/helen/genomic_benchmark/results/2026_05_17_13_57_38/logs/yarrowia_lipolytica.gzip.stderr.txt,ok,4198534,1063414,1037173,1034296,1063651,0,0
yarrowia_lipolytica,eucariota,bzip2,4258580,1214104,3.5075907829971733,71.49040290425447,2.313386529679169,66,1.999872821051662,1.999872821051662,2.000178196252389,2.000178196252389,0.5235081369974068,0.5464958169977763,7.757851470380193,7.431526910256029,True,True,True,False,0,0,/home/helen/genomic_benchmark/results/2026_05_17_13_57_38/logs/yarrowia_lipolytica.bzip2.stderr.txt,ok,4198534,1063414,1037173,1034296,1063651,0,0
yarrowia_lipolytica,eucariota,genozip,4258580,1051820,4.048772603677436,75.3011567236027,2.0041662161125764,66,1.999872821051662,1.999872821051662,2.000178196252389,2.000178196252389,1.097760171000118,0.3464162839991331,3.6996226294685735,11.723751330267982,True,True,True,False,0,0,/home/helen/genomic_benchmark/results/2026_05_17_13_57_38/logs/yarrowia_lipolytica.genozip.stderr.txt,ok,4198534,1063414,1037173,1034296,1063651,0,0
yarrowia_lipolytica,eucariota,mfcompress,4258580,1037310,4.105407255304586,75.64188062687562,1.9765184704947008,66,1.999872821051662,1.999872821051662,2.000178196252389,2.000178196252389,4.626248350999958,3.699024589001056,0.8778816142638523,1.0979376515737371,True,True,True,False,0,0,/home/helen/genomic_benchmark/results/2026_05_17_13_57_38/logs/yarrowia_lipolytica.mfcompress.stderr.txt,ok,4198534,1063414,1037173,1034296,1063651,0,0
yarrowia_lipolytica,eucariota,naf,4258580,1113688,3.823853718456157,73.84837199254211,2.122051173099944,66,1.999872821051662,1.999872821051662,2.000178196252389,2.000178196252389,0.3499220250014332,0.0315162190017872,11.606295346355218,128.86375647189837,True,True,True,False,0,0,/home/helen/genomic_benchmark/results/2026_05_17_13_57_38/logs/yarrowia_lipolytica.naf.stderr.txt,ok,4198534,1063414,1037173,1034296,1063651,0,0
yarrowia_lipolytica,eucariota,geco3,4258580,1020959,4.171156726176076,76.02583490271405,1.945362833789128,66,1.999872821051662,1.999872821051662,2.000178196252389,2.000178196252389,115.41714846800096,115.16978694000136,0.0351879978345445,0.0352635745734,False,True,True,False,0,0,/home/helen/genomic_benchmark/results/2026_05_17_13_57_38/logs/yarrowia_lipolytica.geco3.stderr.txt,ok_seq,4198534,1063414,1037173,1034296,1063651,0,0
yarrowia_lipolytica,eucariota,paq8l,4258580,1076075,3.957512255186674,74.73160067440321,2.050382347743284,66,1.999872821051662,1.999872821051662,2.000178196252389,2.000178196252389,91.22882168499928,91.2691236210012,0.0445177115669041,0.0444980537692685,True,True,True,False,0,0,/home/helen/genomic_benchmark/results/2026_05_17_13_57_38/logs/yarrowia_lipolytica.paq8l.stderr.txt,ok,4198534,1063414,1037173,1034296,1063651,0,0
PV559941.1,mitochondria,gzip,16886,5446,3.1006243114212264,67.74843065261163,2.631076755842744,90,1.9320625669455656,1.9312456858704787,1.9944798001067805,1.9944798001067805,0.0156561490002786,0.0064212469987978,1.0285891189812577,2.50788429565951,True,True,True,True,0,0,/home/helen/genomic_benchmark/results/2026_05_17_13_57_38/logs/PV559941.1.gzip.stderr.txt,ok,16559,5117,5167,2177,4097,1,0
PV559941.1,mitochondria,bzip2,16886,5043,3.3484037279397185,70.1350230960559,2.4363790083942267,90,1.9320625669455656,1.9312456858704787,1.9944798001067805,1.9944798001067805,0.0102761959969939,0.006882603996928,1.5670919970334105,2.33977496221249,True,True,True,True,0,0,/home/helen/genomic_benchmark/results/2026_05_17_13_57_38/logs/PV559941.1.bzip2.stderr.txt,ok,16559,5117,5167,2177,4097,1,0
PV559941.1,mitochondria,genozip,16886,8556,1.9735857877512857,49.33080658533696,4.133582945830062,90,1.9320625669455656,1.9312456858704787,1.9944798001067805,1.9944798001067805,0.3326420280027378,0.1624816650000866,0.0484116351849063,0.0991111489830397,True,True,True,True,0,0,/home/helen/genomic_benchmark/results/2026_05_17_13_57_38/logs/PV559941.1.genozip.stderr.txt,ok,16559,5117,5167,2177,4097,1,0
PV559941.1,mitochondria,mfcompress,16886,4282,3.943484353106025,74.64171503020253,2.068723956760674,90,1.9320625669455656,1.9312456858704787,1.9944798001067805,1.9944798001067805,0.3672512369994365,0.2049189069985004,0.0438493948676901,0.0785859379337494,True,True,True,True,0,0,/home/helen/genomic_benchmark/results/2026_05_17_13_57_38/logs/PV559941.1.mfcompress.stderr.txt,ok,16559,5117,5167,2177,4097,1,0
PV559941.1,mitochondria,naf,16886,4274,3.950865699578849,74.68909155513444,2.0648589890693883,90,1.9320625669455656,1.9312456858704787,1.9944798001067805,1.9944798001067805,0.1328858779997972,0.0098361160016793,0.121184769587484,1.6372056311745948,True,True,True,True,0,0,/home/helen/genomic_benchmark/results/2026_05_17_13_57_38/logs/PV559941.1.naf.stderr.txt,ok,16559,5117,5167,2177,4097,1,0
PV559941.1,mitochondria,geco3,16886,4067,4.151954757806737,75.91495913774725,1.9648529500573704,90,1.9320625669455656,1.9312456858704787,1.9944798001067805,1.9944798001067805,0.61964024199915,0.6897192480028025,0.0259888616253849,0.023348260257296,False,False,True,True,0,0,/home/helen/genomic_benchmark/results/2026_05_17_13_57_38/logs/PV559941.1.geco3.stderr.txt,ok_std,16559,5117,5167,2177,4097,1,0
PV559941.1,mitochondria,paq8l,16886,4344,3.8872007366482495,74.27454696198033,2.0986774563681383,90,1.9320625669455656,1.9312456858704787,1.9944798001067805,1.9944798001067805,0.3856072620001214,0.4537543110018305,0.0417620363872474,0.0354900088360173,True,True,True,True,0,0,/home/helen/genomic_benchmark/results/2026_05_17_13_57_38/logs/PV559941.1.paq8l.stderr.txt,ok,16559,5117,5167,2177,4097,1,0
PV559941.1,mitochondria,deepdna,16886,354,47.70056497175141,97.9035887717636,0.17102482033939248,90,1.9320625669455658,1.9312456858704787,1.9944798001067805,1.9944798001067805,278.0185115529998,272.93776504200014,5.792328149978608e-05,5.9001525510249065e-05,True,True,True,True,0,0,/content/drive/MyDrive/TFG/results/2026_06_16_22_35_57/logs/PV559941.1.DeepDNA.stderr.txt,ok,16559,5117,5167,2177,4097,1,0
PV559966.1,mitochondria,gzip,16898,5466,3.0914745700695208,67.6529766836312,2.63898611949306,91,1.93198091419545,1.9311645126881425,1.9956513328458607,1.9956513328458607,0.017272054003115,0.0082222009987162,0.933020971085802,1.959960429226777,True,True,True,True,0,0,/home/helen/genomic_benchmark/results/2026_05_17_13_57_38/logs/PV559966.1.gzip.stderr.txt,ok,16570,5114,5182,2179,4094,1,0
PV559966.1,mitochondria,bzip2,16898,5043,3.3507832639302,70.15623150668718,2.4347616173808087,91,1.93198091419545,1.9311645126881425,1.9956513328458607,1.9956513328458607,0.0092501340004673,0.0079348260005644,1.7421573133771449,2.030944169095371,True,True,True,True,0,0,/home/helen/genomic_benchmark/results/2026_05_17_13_57_38/logs/PV559966.1.bzip2.stderr.txt,ok,16570,5114,5182,2179,4094,1,0
PV559966.1,mitochondria,genozip,16898,8629,1.9582802178699728,48.93478518167831,4.166083283041641,91,1.93198091419545,1.9311645126881425,1.9956513328458607,1.9956513328458607,0.3298472919996129,0.1671393750002607,0.0488565132699398,0.0964176669836636,True,True,True,True,0,0,/home/helen/genomic_benchmark/results/2026_05_17_13_57_38/logs/PV559966.1.genozip.stderr.txt,ok,16570,5114,5182,2179,4094,1,0
PV559966.1,mitochondria,mfcompress,16898,4368,3.868589743589744,74.15078707539354,2.1088714544357274,91,1.93198091419545,1.9311645126881425,1.9956513328458607,1.9956513328458607,0.3069090120006876,0.3182487179983582,0.0525080332232039,0.0506370888152829,True,True,True,True,0,0,/home/helen/genomic_benchmark/results/2026_05_17_13_57_38/logs/PV559966.1.mfcompress.stderr.txt,ok,16570,5114,5182,2179,4094,1,0
PV559966.1,mitochondria,naf,16898,4266,3.9610876699484296,74.75440880577582,2.059625829812915,91,1.93198091419545,1.9311645126881425,1.9956513328458607,1.9956513328458607,0.1341184730008535,0.006076273999497,0.1201563680085311,2.6521497549265685,True,True,True,True,0,0,/home/helen/genomic_benchmark/results/2026_05_17_13_57_38/logs/PV559966.1.naf.stderr.txt,ok,16570,5114,5182,2179,4094,1,0
PV559966.1,mitochondria,geco3,16898,4070,4.151842751842752,75.91430938572611,1.9649969824984912,91,1.93198091419545,1.9311645126881425,1.9956513328458607,1.9956513328458607,0.5957635179984209,0.6238011980021838,0.0270496398516894,0.0258338532376085,False,False,True,True,0,0,/home/helen/genomic_benchmark/results/2026_05_17_13_57_38/logs/PV559966.1.geco3.stderr.txt,ok_std,16570,5114,5182,2179,4094,1,0
PV559966.1,mitochondria,paq8l,16898,4346,3.888173032673723,74.28097999763285,2.0982498491249246,91,1.93198091419545,1.9311645126881425,1.9956513328458607,1.9956513328458607,0.5288495419990795,0.4137394220015267,0.0304721613972029,0.0389500921151607,True,True,True,True,0,0,/home/helen/genomic_benchmark/results/2026_05_17_13_57_38/logs/PV559966.1.paq8l.stderr.txt,ok,16570,5114,5182,2179,4094,1,0
PV559966.1,mitochondria,deepdna,16898,250,67.592,98.5205349745532,0.12070006035003017,91,1.93198091419545,1.9311645126881423,1.9956513328458612,1.9956513328458612,273.0651364119999,273.87241485899995,5.90159139697653e-05,5.884195605070168e-05,True,True,True,True,0,0,/content/drive/MyDrive/TFG/results/2026_06_16_22_35_57/logs/PV559966.1.DeepDNA.stderr.txt,ok,16570,5114,5182,2179,4094,1,0
PV559974.1,mitochondria,gzip,16894,5453,3.0981111314872547,67.72226826092104,2.6327097163548583,87,1.9319668935294,1.9311504911758937,1.992642434697237,1.992642434697237,0.0148909360032121,0.007006554002146,1.081958440885906,2.299471879676159,True,True,True,True,0,0,/home/helen/genomic_benchmark/results/2026_05_17_13_57_38/logs/PV559974.1.gzip.stderr.txt,ok,16570,5114,5180,2178,4097,1,0
PV559974.1,mitochondria,bzip2,16894,5040,3.351984126984127,70.16692316798864,2.4333132166566083,87,1.9319668935294,1.9311504911758937,1.992642434697237,1.992642434697237,0.0121461810012988,0.0075001320001319,1.3264559370261606,2.148145379452473,True,True,True,True,0,0,/home/helen/genomic_benchmark/results/2026_05_17_13_57_38/logs/PV559974.1.bzip2.stderr.txt,ok,16570,5114,5180,2178,4097,1,0
PV559974.1,mitochondria,genozip,16894,8622,1.95940617026212,48.96412927666627,4.16270368135184,87,1.9319668935294,1.9311504911758937,1.992642434697237,1.992642434697237,0.3729045059990312,0.1574913290023687,0.0432050931060861,0.1023000694922376,True,True,True,True,0,0,/home/helen/genomic_benchmark/results/2026_05_17_13_57_38/logs/PV559974.1.genozip.stderr.txt,ok,16570,5114,5180,2178,4097,1,0
PV559974.1,mitochondria,mfcompress,16894,4366,3.869445716903344,74.15650526814254,2.107905853952927,87,1.9319668935294,1.9311504911758937,1.992642434697237,1.992642434697237,0.2541633330001787,0.2555950589994609,0.0633898434962523,0.0630347627392952,True,True,True,True,0,0,/home/helen/genomic_benchmark/results/2026_05_17_13_57_38/logs/PV559974.1.mfcompress.stderr.txt,ok,16570,5114,5180,2178,4097,1,0
PV559974.1,mitochondria,naf,16894,4265,3.961078546307151,74.75435065703799,2.0591430295715147,87,1.9319668935294,1.9311504911758937,1.992642434697237,1.992642434697237,0.0769888899994839,0.0065875990003405,0.2092688165977608,2.445712603413516,True,True,True,True,0,0,/home/helen/genomic_benchmark/results/2026_05_17_13_57_38/logs/PV559974.1.naf.stderr.txt,ok,16570,5114,5180,2178,4097,1,0
PV559974.1,mitochondria,geco3,16894,4070,4.150859950859951,75.90860660589559,1.9649969824984912,87,1.9319668935294,1.9311504911758937,1.992642434697237,1.992642434697237,0.7122350249992451,0.6231714030000148,0.022620867179881,0.0258538402497375,False,False,True,True,0,0,/home/helen/genomic_benchmark/results/2026_05_17_13_57_38/logs/PV559974.1.geco3.stderr.txt,ok_std,16570,5114,5180,2178,4097,1,0
PV559974.1,mitochondria,paq8l,16894,4345,3.888147295742233,74.28080975494258,2.0977670488835245,87,1.9319668935294,1.9311504911758937,1.992642434697237,1.992642434697237,0.3969257719982124,0.5453877649997594,0.0405903950762858,0.029541135565031,True,True,True,True,0,0,/home/helen/genomic_benchmark/results/2026_05_17_13_57_38/logs/PV559974.1.paq8l.stderr.txt,ok,16570,5114,5180,2178,4097,1,0
PV559974.1,mitochondria,deepdna,16894,376,44.930851063829785,97.77435776015153,0.18153289076644538,87,1.9319668935294,1.9311504911758937,1.9926424346972367,1.9926424346972367,274.13716670799977,273.21498675399926,5.877121331208765e-05,5.896958323107564e-05,True,True,True,True,0,0,/content/drive/MyDrive/TFG/results/2026_06_16_22_35_57/logs/PV559974.1.DeepDNA.stderr.txt,ok,16570,5114,5180,2178,4097,1,0
PV559982.1,mitochondria,gzip,16893,5454,3.097359735973597,67.71443793287159,2.6331925165962584,86,1.9315973665189616,1.9307809418631432,1.991316283318752,1.991316283318752,0.0169387229980202,0.0056809870002325,0.9511000462628576,2.835848810495653,True,True,True,True,0,0,/home/helen/genomic_benchmark/results/2026_05_17_13_57_38/logs/PV559982.1.gzip.stderr.txt,ok,16570,5115,5189,2175,4090,1,0
PV559982.1,mitochondria,bzip2,16893,5039,3.3524508831117283,70.17107677736341,2.432830416415208,86,1.9315973665189616,1.9307809418631432,1.991316283318752,1.991316283318752,0.0149951820021669,0.0064018660013971,1.0743731036223922,2.516519437228904,True,True,True,True,0,0,/home/helen/genomic_benchmark/results/2026_05_17_13_57_38/logs/PV559982.1.bzip2.stderr.txt,ok,16570,5115,5189,2175,4090,1,0
PV559982.1,mitochondria,genozip,16893,8618,1.960199582269668,48.984786597999175,4.16077248038624,86,1.9315973665189616,1.9307809418631432,1.991316283318752,1.991316283318752,0.4017573769997398,0.1795373169989034,0.04009987407664,0.0897329897558243,True,True,True,True,0,0,/home/helen/genomic_benchmark/results/2026_05_17_13_57_38/logs/PV559982.1.genozip.stderr.txt,ok,16570,5115,5189,2175,4090,1,0
PV559982.1,mitochondria,mfcompress,16893,4341,3.8914996544574985,74.30296572544842,2.095835847917924,86,1.9315973665189616,1.9307809418631432,1.991316283318752,1.991316283318752,0.287308232000214,0.2488505060027819,0.0560736464628649,0.0647393508891265,True,True,True,True,0,0,/home/helen/genomic_benchmark/results/2026_05_17_13_57_38/logs/PV559982.1.mfcompress.stderr.txt,ok,16570,5115,5189,2175,4090,1,0
PV559982.1,mitochondria,naf,16893,4261,3.9645623093170617,74.77653465932634,2.0572118286059142,86,1.9315973665189616,1.9307809418631432,1.991316283318752,1.991316283318752,0.1307260030007455,0.008708146000572,0.1232380693759825,1.850040206720527,True,True,True,True,0,0,/home/helen/genomic_benchmark/results/2026_05_17_13_57_38/logs/PV559982.1.naf.stderr.txt,ok,16570,5115,5189,2175,4090,1,0
PV559982.1,mitochondria,geco3,16893,4068,4.152654867256637,75.91901971230688,1.964031382015691,86,1.9315973665189616,1.9307809418631432,1.991316283318752,1.991316283318752,0.4859243230021093,0.6024045119993389,0.0331541753817103,0.0267435251664722,False,False,True,True,0,0,/home/helen/genomic_benchmark/results/2026_05_17_13_57_38/logs/PV559982.1.geco3.stderr.txt,ok_std,16570,5115,5189,2175,4090,1,0
PV559982.1,mitochondria,paq8l,16893,4342,3.89060340856748,74.29704611377494,2.096318648159324,86,1.9315973665189616,1.9307809418631432,1.991316283318752,1.991316283318752,0.3873080619996472,0.5588628019977477,0.0415958814383405,0.0288271471449905,True,True,True,True,0,0,/home/helen/genomic_benchmark/results/2026_05_17_13_57_38/logs/PV559982.1.paq8l.stderr.txt,ok,16570,5115,5189,2175,4090,1,0
PV559982.1,mitochondria,deepdna,16893,219,77.13698630136986,98.70360504350914,0.10573325286662644,86,1.9315973665189619,1.9307809418631432,1.991316283318752,1.991316283318752,273.3538599040003,272.8302339470001,5.893613586692588e-05,5.9049248296214796e-05,True,True,True,True,0,0,/content/drive/MyDrive/TFG/results/2026_06_16_22_35_57/logs/PV559982.1.DeepDNA.stderr.txt,ok,16570,5115,5189,2175,4090,1,0
PV560051.1,mitochondria,gzip,16900,5470,3.089579524680073,67.63313609467457,2.6407579506366545,92,1.9318038759284728,1.9309875077522785,1.995308253181089,1.995308253181089,0.0164135550003265,0.0055924209991644,0.9819381570260024,2.881953263116924,True,True,True,True,0,0,/home/helen/genomic_benchmark/results/2026_05_17_13_57_38/logs/PV560051.1.gzip.stderr.txt,ok,16571,5117,5180,2176,4097,1,0
PV560051.1,mitochondria,bzip2,16900,5035,3.356504468718968,70.20710059171597,2.43075251946171,92,1.9318038759284728,1.9309875077522785,1.995308253181089,1.995308253181089,0.0144982180027,0.0062871990012354,1.1116604774644805,2.563477940510337,True,True,True,True,0,0,/home/helen/genomic_benchmark/results/2026_05_17_13_57_38/logs/PV560051.1.bzip2.stderr.txt,ok,16571,5117,5180,2176,4097,1,0
PV560051.1,mitochondria,genozip,16900,8625,1.9594202898550728,48.96449704142012,4.163900790537686,92,1.9318038759284728,1.9309875077522785,1.995308253181089,1.995308253181089,0.3196588139981031,0.1682436629998847,0.0504196826162323,0.0957961545765719,True,True,True,True,0,0,/home/helen/genomic_benchmark/results/2026_05_17_13_57_38/logs/PV560051.1.genozip.stderr.txt,ok,16571,5117,5180,2176,4097,1,0
PV560051.1,mitochondria,mfcompress,16900,4336,3.89760147601476,74.34319526627219,2.0932955162633515,92,1.9318038759284728,1.9309875077522785,1.995308253181089,1.995308253181089,0.251713859001029,0.3313209960033418,0.0640294341012019,0.0486449580367163,True,True,True,True,0,0,/home/helen/genomic_benchmark/results/2026_05_17_13_57_38/logs/PV560051.1.mfcompress.stderr.txt,ok,16571,5117,5180,2176,4097,1,0
PV560051.1,mitochondria,naf,16900,4278,3.950444132772323,74.68639053254438,2.0652947921066924,92,1.9318038759284728,1.9309875077522785,1.995308253181089,1.995308253181089,0.1465508340006636,0.006895667000208,0.1099761462100764,2.337278750087461,True,True,True,True,0,0,/home/helen/genomic_benchmark/results/2026_05_17_13_57_38/logs/PV560051.1.naf.stderr.txt,ok,16571,5117,5180,2176,4097,1,0
PV560051.1,mitochondria,geco3,16900,4070,4.152334152334152,75.9171597633136,1.9648784020276384,92,1.9318038759284728,1.9309875077522785,1.995308253181089,1.995308253181089,0.7067609519981488,0.7124846129991056,0.0228041686537711,0.0226209740578437,False,False,True,True,0,0,/home/helen/genomic_benchmark/results/2026_05_17_13_57_38/logs/PV560051.1.geco3.stderr.txt,ok_std,16571,5117,5180,2176,4097,1,0
PV560051.1,mitochondria,paq8l,16900,4347,3.887738670347366,74.27810650887574,2.098605998430994,92,1.9318038759284728,1.9309875077522785,1.995308253181089,1.995308253181089,0.52595899500011,0.5901272150003933,0.030643255653917,0.0273112229661444,True,True,True,True,0,0,/home/helen/genomic_benchmark/results/2026_05_17_13_57_38/logs/PV560051.1.paq8l.stderr.txt,ok,16571,5117,5180,2176,4097,1,0
PV560051.1,mitochondria,deepdna,16900,259,65.25096525096525,98.46745562130178,0.12503771649266793,92,1.9318038759284726,1.9309875077522782,1.995308253181089,1.995308253181089,273.81339522100006,272.5576491599995,5.886160512438483e-05,5.913279629809401e-05,True,True,True,True,0,0,/content/drive/MyDrive/TFG/results/2026_06_16_22_35_57/logs/PV560051.1.DeepDNA.stderr.txt,ok,16571,5117,5180,2176,4097,1,0
mitochondria,mitochondria,gzip,16863,5418,3.112403100775194,67.87048567870487,2.6159695817490496,57,1.931250621568894,1.9304341319627096,1.971207126821064,1.971207126821064,0.0119640790035191,0.0081083140030386,1.3441745071081734,1.983372867840558,True,True,True,True,0,0,/home/helen/genomic_benchmark/results/2026_05_17_13_57_38/logs/mitochondria.gzip.stderr.txt,ok,16569,5124,5181,2169,4094,1,0
mitochondria,mitochondria,bzip2,16863,5005,3.3692307692307693,70.31963470319636,2.416561047739755,57,1.931250621568894,1.9304341319627096,1.971207126821064,1.971207126821064,0.0130002229998353,0.0114352279997547,1.2370410875076705,1.4063392525189309,True,True,True,True,0,0,/home/helen/genomic_benchmark/results/2026_05_17_13_57_38/logs/mitochondria.bzip2.stderr.txt,ok,16569,5124,5181,2169,4094,1,0
mitochondria,mitochondria,genozip,16863,8322,2.026315789473684,50.64935064935065,4.018106101756292,57,1.931250621568894,1.9304341319627096,1.971207126821064,1.971207126821064,0.3669007219978084,0.1483994919981341,0.0438315027291078,0.1083683628631342,True,True,True,True,0,0,/home/helen/genomic_benchmark/results/2026_05_17_13_57_38/logs/mitochondria.genozip.stderr.txt,ok,16569,5124,5181,2169,4094,1,0
mitochondria,mitochondria,mfcompress,16863,4346,3.880119650253106,74.22759888513313,2.098376486209186,57,1.931250621568894,1.9304341319627096,1.971207126821064,1.971207126821064,0.340325703000417,0.2492032859991013,0.0472541740332169,0.0645328970405975,True,True,True,True,0,0,/home/helen/genomic_benchmark/results/2026_05_17_13_57_38/logs/mitochondria.mfcompress.stderr.txt,ok,16569,5124,5181,2169,4094,1,0
mitochondria,mitochondria,naf,16863,4253,3.9649659064189984,74.77910217636246,2.053473353853582,57,1.931250621568894,1.9304341319627096,1.971207126821064,1.971207126821064,0.0923655940023309,0.0070453500011353,0.1741103943655985,2.282613354193471,True,True,True,True,0,0,/home/helen/genomic_benchmark/results/2026_05_17_13_57_38/logs/mitochondria.naf.stderr.txt,ok,16569,5124,5181,2169,4094,1,0
mitochondria,mitochondria,geco3,16863,4068,4.1452802359882,75.87617861590465,1.9641499185225424,57,1.931250621568894,1.9304341319627096,1.971207126821064,1.971207126821064,0.8260778359981487,0.6639520349999657,0.0194676691429772,0.0242213430335512,False,False,True,True,0,0,/home/helen/genomic_benchmark/results/2026_05_17_13_57_38/logs/mitochondria.geco3.stderr.txt,ok_std,16569,5124,5181,2169,4094,1,0
mitochondria,mitochondria,paq8l,16863,4322,3.901665895418788,74.3699223151278,2.086788581085159,57,1.931250621568894,1.9304341319627096,1.971207126821064,1.971207126821064,0.4091796869979589,0.5709578610003518,0.0393025619515633,0.0281663693523411,True,True,True,True,0,0,/home/helen/genomic_benchmark/results/2026_05_17_13_57_38/logs/mitochondria.paq8l.stderr.txt,ok,16569,5124,5181,2169,4094,1,0
mitochondria,mitochondria,deepdna,16863,159,106.05660377358491,99.05710727628536,0.07676987144667753,57,1.931250621568894,1.9304341319627096,1.9712071268210638,1.9712071268210638,271.99519388499994,272.3227448389998,5.9125346179307904e-05,5.905422996182833e-05,True,True,True,True,0,0,/content/drive/MyDrive/TFG/results/2026_06_16_22_35_57/logs/mitochondria.DeepDNA.stderr.txt,ok,16569,5124,5181,2169,4094,1,0
hiv,virus,gzip,9374,3083,3.040544923775544,67.11115852357585,2.6864176015684564,61,1.952501340103825,1.952501340103825,2.0244667110542296,2.0244667110542296,0.0080826979974517,0.0063504150020889,1.1060345252056465,1.4077415474502728,True,True,True,False,0,0,/home/helen/genomic_benchmark/results/2026_05_17_13_57_38/logs/hiv.gzip.stderr.txt,ok,9181,3272,1642,2225,2042,0,0
hiv,virus,bzip2,9374,2845,3.2949033391915643,69.65009601024109,2.4790327850996623,61,1.952501340103825,1.952501340103825,2.0244667110542296,2.0244667110542296,0.0106177689995092,0.0090221750033379,0.841960589122381,0.9908634047427342,True,True,True,False,0,0,/home/helen/genomic_benchmark/results/2026_05_17_13_57_38/logs/hiv.bzip2.stderr.txt,ok,9181,3272,1642,2225,2042,0,0
hiv,virus,genozip,9374,6601,1.420087865474928,29.58182206101985,5.751878880296264,61,1.952501340103825,1.952501340103825,2.0244667110542296,2.0244667110542296,0.3407325129992387,0.1681737399994745,0.0262368359370864,0.0531577821960796,True,True,True,False,0,0,/home/helen/genomic_benchmark/results/2026_05_17_13_57_38/logs/hiv.genozip.stderr.txt,ok,9181,3272,1642,2225,2042,0,0
hiv,virus,mfcompress,9374,2501,3.7481007596961216,73.31982078088329,2.1792833024724976,61,1.952501340103825,1.952501340103825,2.0244667110542296,2.0244667110542296,0.2049145920027513,0.1972681440020096,0.0436266785816412,0.0453177226724509,True,True,True,False,0,0,/home/helen/genomic_benchmark/results/2026_05_17_13_57_38/logs/hiv.mfcompress.stderr.txt,ok,9181,3272,1642,2225,2042,0,0
hiv,virus,naf,9374,2402,3.9025811823480434,74.37593343289952,2.09301818973968,61,1.952501340103825,1.952501340103825,2.0244667110542296,2.0244667110542296,0.1272658440029772,0.0068594030017266,0.0702446372161178,1.3032829591353552,True,True,True,False,0,0,/home/helen/genomic_benchmark/results/2026_05_17_13_57_38/logs/hiv.naf.stderr.txt,ok,9181,3272,1642,2225,2042,0,0
hiv,virus,geco3,9374,2298,4.079199303742385,75.48538510774483,2.002396253131467,61,1.952501340103825,1.952501340103825,2.0244667110542296,2.0244667110542296,0.3944279040006222,0.3352437649991771,0.0226650877164565,0.026666396143159,False,True,True,False,0,0,/home/helen/genomic_benchmark/results/2026_05_17_13_57_38/logs/hiv.geco3.stderr.txt,ok_seq,9181,3272,1642,2225,2042,0,0
hiv,virus,paq8l,9374,2429,3.859201317414574,74.08790270962236,2.116545038666812,61,1.952501340103825,1.952501340103825,2.0244667110542296,2.0244667110542296,0.3459222069977841,0.2962968409992754,0.0258432181026454,0.0301715773001239,True,True,True,False,0,0,/home/helen/genomic_benchmark/results/2026_05_17_13_57_38/logs/hiv.paq8l.stderr.txt,ok,9181,3272,1642,2225,2042,0,0
hpv16,virus,gzip,8078,2684,3.0096870342771984,66.77395394899727,2.71591196559575,59,1.9459307401855208,1.9459307401855208,2.0261530373999257,2.0261530373999257,0.0102840140025364,0.0070535850027226,0.7491025513996428,1.0921795264331582,True,True,True,False,0,0,/home/helen/genomic_benchmark/results/2026_05_17_13_57_38/logs/hpv16.gzip.stderr.txt,ok,7906,2598,1377,1512,2419,0,0
hpv16,virus,bzip2,8078,2489,3.245480112494978,69.187917801436,2.5185934733114093,59,1.9459307401855208,1.9459307401855208,2.0261530373999257,2.0261530373999257,0.0109467330003099,0.0089550689990574,0.7037516241340308,0.860270437753252,True,True,True,False,0,0,/home/helen/genomic_benchmark/results/2026_05_17_13_57_38/logs/hpv16.bzip2.stderr.txt,ok,7906,2598,1377,1512,2419,0,0
hpv16,virus,genozip,8078,6271,1.2881518099186733,22.36939836593216,6.345560333923602,59,1.9459307401855208,1.9459307401855208,2.0261530373999257,2.0261530373999257,0.3747158280020812,0.1755257949989754,0.0205589957835645,0.0438897378472187,True,True,True,False,0,0,/home/helen/genomic_benchmark/results/2026_05_17_13_57_38/logs/hpv16.genozip.stderr.txt,ok,7906,2598,1377,1512,2419,0,0
hpv16,virus,mfcompress,8078,2160,3.739814814814815,73.26070809606338,2.185681760688085,59,1.9459307401855208,1.9459307401855208,2.0261530373999257,2.0261530373999257,0.1521510289967409,0.1899051559994404,0.0506324615661633,0.0405664663888977,True,True,True,False,0,0,/home/helen/genomic_benchmark/results/2026_05_17_13_57_38/logs/hpv16.mfcompress.stderr.txt,ok,7906,2598,1377,1512,2419,0,0
hpv16,virus,naf,8078,2086,3.87248322147651,74.17677642980935,2.1108019225904378,59,1.9459307401855208,1.9459307401855208,2.0261530373999257,2.0261530373999257,0.0782367529973271,0.0083682250005949,0.0984675466809426,0.9205991864919923,True,True,True,False,0,0,/home/helen/genomic_benchmark/results/2026_05_17_13_57_38/logs/hpv16.naf.stderr.txt,ok,7906,2598,1377,1512,2419,0,0
hpv16,virus,geco3,8078,1982,4.075681130171544,75.46422381777667,2.0055653933721223,59,1.9459307401855208,1.9459307401855208,2.0261530373999257,2.0261530373999257,0.417452432000573,0.3321241679986997,0.0184542729599407,0.0231954849126181,False,True,True,False,0,0,/home/helen/genomic_benchmark/results/2026_05_17_13_57_38/logs/hpv16.geco3.stderr.txt,ok_seq,7906,2598,1377,1512,2419,0,0
hpv16,virus,paq8l,8078,2108,3.832068311195446,73.90443179004704,2.133063496078927,59,1.9459307401855208,1.9459307401855208,2.0261530373999257,2.0261530373999257,0.310858905002533,0.3411033779993886,0.0247822436608882,0.0225848866496522,True,True,True,False,0,0,/home/helen/genomic_benchmark/results/2026_05_17_13_57_38/logs/hpv16.paq8l.stderr.txt,ok,7906,2598,1377,1512,2419,0,0
hsv1,virus,gzip,154457,46264,3.338600207504755,70.04732708779791,2.431396250213504,60,1.901021124405244,1.901021124405244,1.9069044887782576,1.9069044887782576,0.043905819999054,0.0099400930012052,3.354946426062278,14.818943230339974,True,True,True,False,0,0,/home/helen/genomic_benchmark/results/2026_05_17_13_57_38/logs/hsv1.gzip.stderr.txt,ok,152222,24225,51439,52530,24028,0,0
hsv1,virus,bzip2,154457,43389,3.5598193090414623,71.90868656001346,2.2803011391257506,60,1.901021124405244,1.901021124405244,1.9069044887782576,1.9069044887782576,0.0332782699988456,0.0129034960009448,4.426362124421424,11.415640682058092,True,True,True,False,0,0,/home/helen/genomic_benchmark/results/2026_05_17_13_57_38/logs/hsv1.bzip2.stderr.txt,ok,152222,24225,51439,52530,24028,0,0
hsv1,virus,genozip,154457,40404,3.822814572814573,73.84126326420946,2.1234249977007265,60,1.901021124405244,1.901021124405244,1.9069044887782576,1.9069044887782576,0.3746268619979673,0.1707826679994468,0.3931957070658734,0.8625095017817455,True,True,True,False,0,0,/home/helen/genomic_benchmark/results/2026_05_17_13_57_38/logs/hsv1.genozip.stderr.txt,ok,152222,24225,51439,52530,24028,0,0
hsv1,virus,mfcompress,154457,32613,4.736056173918376,78.88538557656824,1.7139703853582269,60,1.901021124405244,1.901021124405244,1.9069044887782576,1.9069044887782576,1.0771471510015544,0.7344855020019168,0.1367516719996853,0.2005508256972726,True,True,True,False,0,0,/home/helen/genomic_benchmark/results/2026_05_17_13_57_38/logs/hsv1.mfcompress.stderr.txt,ok,152222,24225,51439,52530,24028,0,0
hsv1,virus,naf,154457,37635,4.10407865019264,75.63399522197116,1.977900697665252,60,1.901021124405244,1.901021124405244,1.9069044887782576,1.9069044887782576,0.1317569179991551,0.0082341670022287,1.1179805669870384,17.889080200740306,True,True,True,False,0,0,/home/helen/genomic_benchmark/results/2026_05_17_13_57_38/logs/hsv1.naf.stderr.txt,ok,152222,24225,51439,52530,24028,0,0
hsv1,virus,geco3,154457,32018,4.82406771191205,79.27060605864415,1.6827002667157178,60,1.901021124405244,1.901021124405244,1.9069044887782576,1.9069044887782576,4.168726570998842,3.782408986000519,0.0353349329538459,0.0389438779450752,False,True,True,False,0,0,/home/helen/genomic_benchmark/results/2026_05_17_13_57_38/logs/hsv1.geco3.stderr.txt,ok_seq,152222,24225,51439,52530,24028,0,0
hsv1,virus,paq8l,154457,37147,4.157993916063209,75.94994076021158,1.95225394489627,60,1.901021124405244,1.901021124405244,1.9069044887782576,1.9069044887782576,3.182837064003252,3.3456094740031403,0.0462799920093583,0.0440283526914181,True,True,True,False,0,0,/home/helen/genomic_benchmark/results/2026_05_17_13_57_38/logs/hsv1.paq8l.stderr.txt,ok,152222,24225,51439,52530,24028,0,0
phage_lambda,virus,gzip,49253,15334,3.2120125211947306,68.86687105353988,2.5292152900911304,58,1.99861190752573,1.99861190752573,2.014320718758449,2.014320718758449,0.0387301269984163,0.0081032460002461,1.212785104161358,5.796605595403401,True,True,True,False,0,0,/home/helen/genomic_benchmark/results/2026_05_17_13_57_38/logs/phage_lambda.gzip.stderr.txt,ok,48502,12334,11362,12820,11986,0,0
phage_lambda,virus,bzip2,49253,14252,3.4558658433904013,71.06369155178365,2.3507484227454536,58,1.99861190752573,1.99861190752573,2.014320718758449,2.014320718758449,0.0143946950011013,0.010566392000328,3.263099433670752,4.445350986836257,True,True,True,False,0,0,/home/helen/genomic_benchmark/results/2026_05_17_13_57_38/logs/phage_lambda.bzip2.stderr.txt,ok,48502,12334,11362,12820,11986,0,0
phage_lambda,virus,genozip,49253,16375,3.00781679389313,66.75329421558078,2.7009195497092904,58,1.99861190752573,1.99861190752573,2.014320718758449,2.014320718758449,0.357896161996905,0.1844069400031003,0.1312428745921093,0.2547155823157595,True,True,True,False,0,0,/home/helen/genomic_benchmark/results/2026_05_17_13_57_38/logs/phage_lambda.genozip.stderr.txt,ok,48502,12334,11362,12820,11986,0,0
phage_lambda,virus,mfcompress,49253,12260,4.017373572593801,75.10811524171118,2.022184652179292,58,1.99861190752573,1.99861190752573,2.014320718758449,2.014320718758449,0.5668272289985907,0.4987468260005698,0.0828670866587353,0.094178686775048,True,True,True,False,0,0,/home/helen/genomic_benchmark/results/2026_05_17_13_57_38/logs/phage_lambda.mfcompress.stderr.txt,ok,48502,12334,11362,12820,11986,0,0
phage_lambda,virus,naf,49253,12388,3.975863739102357,74.84823259496883,2.043297183621294,58,1.99861190752573,1.99861190752573,2.014320718758449,2.014320718758449,0.1317465709980751,0.0072115440016204,0.3565278454696425,6.513351522975132,True,True,True,False,0,0,/home/helen/genomic_benchmark/results/2026_05_17_13_57_38/logs/phage_lambda.naf.stderr.txt,ok,48502,12334,11362,12820,11986,0,0
phage_lambda,virus,geco3,49253,11907,4.136474342823549,75.82482285343025,1.9639602490618944,58,1.99861190752573,1.99861190752573,2.014320718758449,2.014320718758449,1.5426619520003442,1.4105546030004916,0.030448226875013,0.0332998956623451,False,True,True,False,0,0,/home/helen/genomic_benchmark/results/2026_05_17_13_57_38/logs/phage_lambda.geco3.stderr.txt,ok_seq,48502,12334,11362,12820,11986,0,0
phage_lambda,virus,paq8l,49253,12575,3.916739562624256,74.46856029074371,2.0741412725248445,58,1.99861190752573,1.99861190752573,2.014320718758449,2.014320718758449,1.0836476980002772,1.1795687199992244,0.0433455644234156,0.0398207584768676,True,True,True,False,0,0,/home/helen/genomic_benchmark/results/2026_05_17_13_57_38/logs/phage_lambda.paq8l.stderr.txt,ok,48502,12334,11362,12820,11986,0,0
phix174,virus,gzip,5519,1898,2.9077976817702846,65.6097119043305,2.8191607872261417,56,1.984579359502319,1.984579359502319,2.0898112268646454,2.0898112268646454,0.0087867129986989,0.0061570039979415,0.5990099543510123,0.8548522226079122,True,True,True,False,0,0,/home/helen/genomic_benchmark/results/2026_05_17_13_57_38/logs/phix174.gzip.stderr.txt,ok,5386,1291,1157,1254,1684,0,0
phix174,virus,bzip2,5519,1754,3.1465222348916764,68.21888023192606,2.605272929818047,56,1.984579359502319,1.984579359502319,2.0898112268646454,2.0898112268646454,0.0089539010004955,0.009024736998981,0.5878251894849861,0.5832112950039795,True,True,True,False,0,0,/home/helen/genomic_benchmark/results/2026_05_17_13_57_38/logs/phix174.bzip2.stderr.txt,ok,5386,1291,1157,1254,1684,0,0
phix174,virus,genozip,5519,5599,0.9857117342382568,-1.4495379597753155,8.316375789082807,56,1.984579359502319,1.984579359502319,2.0898112268646454,2.0898112268646454,0.3446378599983291,0.1342269359993224,0.0152720555781991,0.0392121634384372,True,True,True,False,0,0,/home/helen/genomic_benchmark/results/2026_05_17_13_57_38/logs/phix174.genozip.stderr.txt,ok,5386,1291,1157,1254,1684,0,0
phix174,virus,mfcompress,5519,1564,3.528772378516624,71.66153288639246,2.3230597846268104,56,1.984579359502319,1.984579359502319,2.0898112268646454,2.0898112268646454,0.1531732029980048,0.131662209998467,0.0343619409219682,0.0399760003444221,True,True,True,False,0,0,/home/helen/genomic_benchmark/results/2026_05_17_13_57_38/logs/phix174.mfcompress.stderr.txt,ok,5386,1291,1157,1254,1684,0,0
phix174,virus,naf,5519,1490,3.704026845637584,73.00235549918463,2.213145191236539,56,1.984579359502319,1.984579359502319,2.0898112268646454,2.0898112268646454,0.1300054669991368,0.0069078410015208,0.0404854401413829,0.7619353935748222,True,True,True,False,0,0,/home/helen/genomic_benchmark/results/2026_05_17_13_57_38/logs/phix174.naf.stderr.txt,ok,5386,1291,1157,1254,1684,0,0
phix174,virus,geco3,5519,1419,3.889358703312192,74.28882043848523,2.107686594875604,56,1.984579359502319,1.984579359502319,2.0898112268646454,2.0898112268646454,0.2084210400025767,0.2744326040010492,0.0252533455940005,0.0191789476742565,False,True,True,False,0,0,/home/helen/genomic_benchmark/results/2026_05_17_13_57_38/logs/phix174.geco3.stderr.txt,ok_seq,5386,1291,1157,1254,1684,0,0
phix174,virus,paq8l,5519,1515,3.6429042904290414,72.54937488675485,2.2502784998143333,56,1.984579359502319,1.984579359502319,2.0898112268646454,2.0898112268646454,0.2121536859995103,0.2237396009986696,0.024809036559743,0.0235243494167015,True,True,True,False,0,0,/home/helen/genomic_benchmark/results/2026_05_17_13_57_38/logs/phix174.paq8l.stderr.txt,ok,5386,1291,1157,1254,1684,0,0
sars_cov_2,virus,gzip,30428,9598,3.170243800791832,68.45668463257526,2.567769120155168,97,1.957024260612652,1.957024260612652,1.996262355021346,1.996262355021346,0.0158076629995775,0.005966222997813,1.8357174049310645,4.863781006885993,True,True,True,False,0,0,/home/helen/genomic_benchmark/results/2026_05_17_13_57_38/logs/sars_cov_2.gzip.stderr.txt,ok,29903,8954,5492,5863,9594,0,0
sars_cov_2,virus,bzip2,30428,8866,3.4319873674712382,70.8623636124622,2.371935926161255,97,1.957024260612652,1.957024260612652,1.996262355021346,1.996262355021346,0.0129533869985607,0.0080625500013411,2.240217334881882,3.5991593347988364,True,True,True,False,0,0,/home/helen/genomic_benchmark/results/2026_05_17_13_57_38/logs/sars_cov_2.bzip2.stderr.txt,ok,29903,8954,5492,5863,9594,0,0
sars_cov_2,virus,genozip,30428,11954,2.5454241258156265,60.713816221900885,3.198073771862355,97,1.957024260612652,1.957024260612652,1.996262355021346,1.996262355021346,0.3775713049981277,0.1641737760000978,0.0768554223148744,0.1767541857573653,True,True,True,False,0,0,/home/helen/genomic_benchmark/results/2026_05_17_13_57_38/logs/sars_cov_2.genozip.stderr.txt,ok,29903,8954,5492,5863,9594,0,0
sars_cov_2,virus,mfcompress,30428,7539,4.0360790555776624,75.22347837518075,2.01692137912584,97,1.957024260612652,1.957024260612652,1.996262355021346,1.996262355021346,0.3984950640005991,0.31005736500083,0.0728199787678317,0.0935904299500568,True,True,True,False,0,0,/home/helen/genomic_benchmark/results/2026_05_17_13_57_38/logs/sars_cov_2.mfcompress.stderr.txt,ok,29903,8954,5492,5863,9594,0,0
sars_cov_2,virus,naf,30428,7599,4.004211080405317,75.02629157355068,2.0329732802728824,97,1.957024260612652,1.957024260612652,1.996262355021346,1.996262355021346,0.1335346679989015,0.0059231100021861,0.2173098756635099,4.899183383205618,True,True,True,False,0,0,/home/helen/genomic_benchmark/results/2026_05_17_13_57_38/logs/sars_cov_2.naf.stderr.txt,ok,29903,8954,5492,5863,9594,0,0
sars_cov_2,virus,geco3,30428,7328,4.152292576419214,75.91691862757986,1.9604721934254088,97,1.957024260612652,1.957024260612652,1.996262355021346,1.996262355021346,1.0058159389991488,0.8711149530026887,0.0288506087192101,0.0333117942696132,False,True,True,False,0,0,/home/helen/genomic_benchmark/results/2026_05_17_13_57_38/logs/sars_cov_2.geco3.stderr.txt,ok_seq,29903,8954,5492,5863,9594,0,0
sars_cov_2,virus,paq8l,30428,7751,3.925687008127984,74.52675167608783,2.073638096512056,97,1.957024260612652,1.957024260612652,1.996262355021346,1.996262355021346,0.6994205880000663,0.7522842860016681,0.0414892020587855,0.0385737182599412,True,True,True,False,0,0,/home/helen/genomic_benchmark/results/2026_05_17_13_57_38/logs/sars_cov_2.paq8l.stderr.txt,ok,29903,8954,5492,5863,9594,0,0
homo_sapiens_chr21,chromosome,gzip,47377338,11680670,4.0560462713183405,75.34544891483772,2.000543781007828,69,2.2848569328257526,1.9761728715226443,2.284889732547437,2.284889732547437,9.276236479003272,0.4688393129981705,4.870784669253354,96.37107891264692,True,True,True,True,0,0,/home/helen/genomic_benchmark/results/2026_05_17_16_58_05/logs/homo_sapiens_chr21.gzip.stderr.txt,ok,46709983,11820664,8185244,8226381,11856330,6621361,3
homo_sapiens_chr21,chromosome,bzip2,47377338,10709980,4.423662602544543,77.39429767033343,1.8342940844761653,69,2.2848569328257526,1.9761728715226443,2.284889732547437,2.284889732547437,5.732735630001116,3.734567415995116,7.881499051490197,12.098469621081527,True,True,True,True,0,0,/home/helen/genomic_benchmark/results/2026_05_17_16_58_05/logs/homo_sapiens_chr21.bzip2.stderr.txt,ok,46709983,11820664,8185244,8226381,11856330,6621361,3
homo_sapiens_chr21,chromosome,genozip,47377338,8531883,5.552975585811479,81.99163701430419,1.4612522634349234,69,2.2848569328257526,1.9761728715226443,2.284889732547437,2.284889732547437,9.535868751001544,1.1930838489934104,4.738168237220376,37.8703898040509,True,True,True,True,0,0,/home/helen/genomic_benchmark/results/2026_05_17_16_58_05/logs/homo_sapiens_chr21.genozip.stderr.txt,ok,46709983,11820664,8185244,8226381,11856330,6621361,3
homo_sapiens_chr21,chromosome,mfcompress,47377338,8121464,5.833595765492527,82.85791405165061,1.3909599618753852,69,2.2848569328257526,1.9761728715226443,2.284889732547437,2.284889732547437,24.65683397900284,22.44046623000031,1.8324554753775044,2.013440806764255,True,True,True,True,0,0,/home/helen/genomic_benchmark/results/2026_05_17_16_58_05/logs/homo_sapiens_chr21.mfcompress.stderr.txt,ok,46709983,11820664,8185244,8226381,11856330,6621361,3
homo_sapiens_chr21,chromosome,naf,47377338,9434321,5.021806868772008,80.08684869546701,1.615812466629187,69,2.2848569328257526,1.9761728715226443,2.284889732547437,2.284889732547437,2.4844021590033663,0.3169434189985622,18.186488152313924,142.55714970533214,True,True,True,True,0,0,/home/helen/genomic_benchmark/results/2026_05_17_16_58_05/logs/homo_sapiens_chr21.naf.stderr.txt,ok,46709983,11820664,8185244,8226381,11856330,6621361,3
homo_sapiens_chr21,chromosome,geco3,47377338,7842583,6.0410375000175325,83.44655202029291,1.3431961221135182,69,2.2848569328257526,1.9761728715226443,2.284889732547437,2.284889732547437,850.8237246950011,853.7911891209951,0.053104478776135,0.0529199071225069,False,False,False,True,0,0,/home/helen/genomic_benchmark/results/2026_05_17_16_58_05/logs/homo_sapiens_chr21.geco3.stderr.txt,ok_std,46709983,11820664,8185244,8226381,11856330,6621361,3
homo_sapiens_chr21,chromosome,paq8l,47377338,9137384,5.185000214503408,80.71359771205381,1.5649561828114678,69,2.2848569328257526,1.9761728715226443,2.284889732547437,2.284889732547437,927.263783057002,912.0103706480004,0.0487267498805357,0.0495417068538319,True,True,True,True,0,0,/home/helen/genomic_benchmark/results/2026_05_17_16_58_05/logs/homo_sapiens_chr21.paq8l.stderr.txt,ok,46709983,11820664,8185244,8226381,11856330,6621361,3
homo_sapiens_chr22,chromosome,gzip,51544517,11281792,4.568823552144908,78.11252746824653,1.7760146740368752,70,2.316157207263782,1.99740185823972,2.3161887467062585,2.3161887467062585,8.10908467000263,0.373138516995823,6.0619273339575805,131.7384289626032,True,True,True,True,0,0,/home/helen/genomic_benchmark/results/2026_05_17_16_58_05/logs/homo_sapiens_chr22.gzip.stderr.txt,ok,50818468,10382214,9160652,9246186,10370725,11658686,5
homo_sapiens_chr22,chromosome,bzip2,51544517,10225388,5.040837276785976,80.16202576890961,1.6097122811447486,70,2.316157207263782,1.99740185823972,2.3161887467062585,2.3161887467062585,5.417601282999385,4.091772701001901,9.073514171063245,12.013541710767305,True,True,True,True,0,0,/home/helen/genomic_benchmark/results/2026_05_17_16_58_05/logs/homo_sapiens_chr22.bzip2.stderr.txt,ok,50818468,10382214,9160652,9246186,10370725,11658686,5
homo_sapiens_chr22,chromosome,genozip,51544517,8160336,6.316469934571321,84.16837236053642,1.284625392940357,70,2.316157207263782,1.99740185823972,2.3161887467062585,2.3161887467062585,14.454177745996276,1.83651999799622,3.4008632575506725,26.76621113197729,True,True,True,True,0,0,/home/helen/genomic_benchmark/results/2026_05_17_16_58_05/logs/homo_sapiens_chr22.genozip.stderr.txt,ok,50818468,10382214,9160652,9246186,10370725,11658686,5
homo_sapiens_chr22,chromosome,mfcompress,51544517,7746449,6.653954218248903,84.97134234471535,1.2194700182097205,70,2.316157207263782,1.99740185823972,2.3161887467062585,2.3161887467062585,28.541667755998787,23.69206515100086,1.7222778442627535,2.074816260261243,True,True,True,True,0,0,/home/helen/genomic_benchmark/results/2026_05_17_16_58_05/logs/homo_sapiens_chr22.mfcompress.stderr.txt,ok,50818468,10382214,9160652,9246186,10370725,11658686,5
homo_sapiens_chr22,chromosome,naf,51544517,9043139,5.699847917852418,82.45567224929084,1.4235989781902691,70,2.316157207263782,1.99740185823972,2.3161887467062585,2.3161887467062585,3.193186306998541,0.3168018829965149,15.394241766203274,155.16537196531152,True,True,True,True,0,0,/home/helen/genomic_benchmark/results/2026_05_17_16_58_05/logs/homo_sapiens_chr22.naf.stderr.txt,ok,50818468,10382214,9160652,9246186,10370725,11658686,5
homo_sapiens_chr22,chromosome,geco3,51544517,7409386,6.956651603790112,85.62526834813488,1.1664085157396438,70,2.316157207263782,1.99740185823972,2.3161887467062585,2.3161887467062585,953.966092763003,886.4346237909995,0.0515287517946169,0.0554543794828746,False,False,False,True,0,0,/home/helen/genomic_benchmark/results/2026_05_17_16_58_05/logs/homo_sapiens_chr22.geco3.stderr.txt,ok_std,50818468,10382214,9160652,9246186,10370725,11658686,5
homo_sapiens_chr22,chromosome,paq8l,51544517,8677334,5.9401328795226735,83.16535976076757,1.3660128209702052,70,2.316157207263782,1.99740185823972,2.3161887467062585,2.3161887467062585,972.4630573930044,918.9803359039944,0.0505486369284252,0.0534904612143961,True,True,True,True,0,0,/home/helen/genomic_benchmark/results/2026_05_17_16_58_05/logs/homo_sapiens_chr22.paq8l.stderr.txt,ok,50818468,10382214,9160652,9246186,10370725,11658686,5
homo_sapiens_chrX,chromosome,gzip,158270120,45775306,3.4575436808658364,71.07773343446001,2.346836447805444,69,2.016328458304433,1.96810071572972,2.016339499155884,2.016339499155884,33.78943449300277,1.3621240629945532,4.467022037015504,110.81086708556202,True,True,True,True,0,0,/home/helen/genomic_benchmark/results/2026_05_17_16_58_05/logs/homo_sapiens_chrX.gzip.stderr.txt,ok,156040895,46754807,30523780,30697741,46916701,1147861,5
homo_sapiens_chrX,chromosome,bzip2,158270120,41838784,3.7828565954498106,73.56495085743285,2.1450164248614576,69,2.016328458304433,1.96810071572972,2.016339499155884,2.016339499155884,16.68781564100209,14.467420262000816,9.04481160060751,10.432969096431068,True,True,True,True,0,0,/home/helen/genomic_benchmark/results/2026_05_17_16_58_05/logs/homo_sapiens_chrX.bzip2.stderr.txt,ok,156040895,46754807,30523780,30697741,46916701,1147861,5
homo_sapiens_chrX,chromosome,genozip,158270120,32224087,4.911547067260587,79.63981641007159,1.6520842453538942,69,2.016328458304433,1.96810071572972,2.016339499155884,2.016339499155884,56.449594342993805,4.260348313997383,2.6738570977396,35.428593479699195,True,True,True,True,0,0,/home/helen/genomic_benchmark/results/2026_05_17_16_58_05/logs/homo_sapiens_chrX.genozip.stderr.txt,ok,156040895,46754807,30523780,30697741,46916701,1147861,5
homo_sapiens_chrX,chromosome,mfcompress,158270120,31928504,4.95701646403477,79.82657497195301,1.6369301149205189,69,2.016328458304433,1.96810071572972,2.016339499155884,2.016339499155884,93.24072497199812,82.99101924199931,1.618800674746626,1.818728699528368,True,True,True,True,0,0,/home/helen/genomic_benchmark/results/2026_05_17_16_58_05/logs/homo_sapiens_chrX.mfcompress.stderr.txt,ok,156040895,46754807,30523780,30697741,46916701,1147861,5
homo_sapiens_chrX,chromosome,naf,158270120,36550850,4.330135140496049,76.90603254739429,1.873911383099648,69,2.016328458304433,1.96810071572972,2.016339499155884,2.016339499155884,10.610970668996742,0.8735643519976293,14.224725824523103,172.7842352465234,True,True,True,True,0,0,/home/helen/genomic_benchmark/results/2026_05_17_16_58_05/logs/homo_sapiens_chrX.naf.stderr.txt,ok,156040895,46754807,30523780,30697741,46916701,1147861,5
homo_sapiens_chrX,chromosome,geco3,158270120,30383659,5.209053985235945,80.8026562436422,1.557728054486231,69,2.016328458304433,1.96810071572972,2.016339499155884,2.016339499155884,3317.552718549996,3157.2914715790102,0.0454968349574579,0.047806212969957,False,False,False,True,0,0,/home/helen/genomic_benchmark/results/2026_05_17_16_58_05/logs/homo_sapiens_chrX.geco3.stderr.txt,ok_std,156040895,46754807,30523780,30697741,46916701,1147861,5
homo_sapiens_chrX,chromosome,paq8l,158270120,35609684,4.444580861767827,77.50069059150269,1.8256591076864528,69,2.016328458304433,1.96810071572972,2.016339499155884,2.016339499155884,3074.5595268869947,2988.964381865997,0.0490926089342497,0.0504984768016222,True,True,True,True,0,0,/home/helen/genomic_benchmark/results/2026_05_17_16_58_05/logs/homo_sapiens_chrX.paq8l.stderr.txt,ok,156040895,46754807,30523780,30697741,46916701,1147861,5
homo_sapiens_chrY,chromosome,gzip,58045019,7803183,7.438633567865831,86.55667077996821,1.0908315438353753,69,1.9055527888040984,1.9710895738113927,1.905581220577288,1.905581220577288,6.689694386004703,0.4093423790036468,8.274824023563978,135.23164630632988,True,True,True,True,0,0,/home/helen/genomic_benchmark/results/2026_05_17_16_58_05/logs/homo_sapiens_chrY.gzip.stderr.txt,ok,57227415,7886192,5285789,5286894,7956168,30812367,5
homo_sapiens_chrY,chromosome,bzip2,58045019,7045121,8.239037910065704,87.8626605325084,0.9848596677710908,69,1.9055527888040984,1.9710895738113927,1.905581220577288,1.905581220577288,4.397659073001705,2.5733292609947966,12.587616024047197,21.51145003271493,True,True,True,True,0,0,/home/helen/genomic_benchmark/results/2026_05_17_16_58_05/logs/homo_sapiens_chrY.bzip2.stderr.txt,ok,57227415,7886192,5285789,5286894,7956168,30812367,5
homo_sapiens_chrY,chromosome,genozip,58045019,5296913,10.958273054513072,90.87447451778765,0.7404721618539089,69,1.9055527888040984,1.9710895738113927,1.905581220577288,1.905581220577288,9.498423918994376,1.5914277319971006,5.8279188513491285,34.78388789049558,True,True,True,True,0,0,/home/helen/genomic_benchmark/results/2026_05_17_16_58_05/logs/homo_sapiens_chrY.genozip.stderr.txt,ok,57227415,7886192,5285789,5286894,7956168,30812367,5
homo_sapiens_chrY,chromosome,mfcompress,58045019,4723565,12.28839213602438,91.86223885980638,0.6603220379884395,69,1.9055527888040984,1.9710895738113927,1.905581220577288,1.905581220577288,24.515675773000112,21.32500793700456,2.257985638583871,2.5958275832364563,True,True,True,True,0,0,/home/helen/genomic_benchmark/results/2026_05_17_16_58_05/logs/homo_sapiens_chrY.mfcompress.stderr.txt,ok,57227415,7886192,5285789,5286894,7956168,30812367,5
homo_sapiens_chrY,chromosome,naf,58045019,5870862,9.886967024603882,89.88567477254163,0.8207063014034708,69,1.9055527888040984,1.9710895738113927,1.905581220577288,1.905581220577288,1.715490000002319,0.3525802619988099,32.268357038244446,157.00267366583228,True,True,True,True,0,0,/home/helen/genomic_benchmark/results/2026_05_17_16_58_05/logs/homo_sapiens_chrY.naf.stderr.txt,ok,57227415,7886192,5285789,5286894,7956168,30812367,5
homo_sapiens_chrY,chromosome,geco3,58045019,4451201,13.040305077213992,92.33146775264214,0.6222474160546493,69,1.9055527888040984,1.9710895738113927,1.905581220577288,1.905581220577288,551.4038573699945,531.0747791640024,0.1003911073086103,0.1042339911203318,False,False,False,True,0,0,/home/helen/genomic_benchmark/results/2026_05_17_16_58_05/logs/homo_sapiens_chrY.geco3.stderr.txt,ok_std,57227415,7886192,5285789,5286894,7956168,30812367,5
homo_sapiens_chrY,chromosome,paq8l,58045019,5946122,9.76182779297162,89.75601679103595,0.8312271339905126,69,1.9055527888040984,1.9710895738113927,1.905581220577288,1.905581220577288,996.4372557059978,972.466298984,0.0555539683995374,0.0569233544375233,True,True,True,True,0,0,/home/helen/genomic_benchmark/results/2026_05_17_16_58_05/logs/homo_sapiens_chrY.paq8l.stderr.txt,ok,57227415,7886192,5285789,5286894,7956168,30812367,5